用户性别,用户名称,用户等级
男,胖龙的小生活,6
男,邂逅一只小猫咪,5
男,小惜缘281913,2
保密,想要快乐的小石,5
男,狗哥男友,5
男,洛依慕霞归,4
男,葡萄味的撒娇啊,5
保密,臣孑,4
保密,Mr_首,4
保密,CiZi良,6
女,俺是欣欣,5
保密,叫我MC懒羊羊,3
保密,是Yoon呀o,6
保密,-世末鸽者-,6
保密,不死的凉翁,4
女,晶晶姑娘7,5
保密,土豆拌饭-,3
男,贫憎法号嘉文,5
男,深利普贝当,6
保密,仙舟萌宠白露酱,3
男,脑电波从alpha降到theta,5
保密,冷月涟漪-,5
保密,婉婉蒜头,3
保密,才华不够改名太难,5
保密,大号忘掉了,4
保密,係姊多萩,4
保密,musicluvcatdog,5
男,拖拉里司机,5
保密,你永远的晋元帝,5
保密,奶牛猫寒七,6
男,TOMROBBINS,6
保密,我还在春天到来的路上,4
保密,ta好温柔我好爱真的,5
保密,bili_59597056043,4
保密,不要抢我的柠檬,5
保密,吃饱喝足睡觉了,5
男,美食大柯,3
男,狼牙区刘斩仙,5
保密,夜行千江水,5
保密,白菜工厂15632号员工,5
保密,bili_43920470727,4
男,奇亚游戏,5
男,51号元素锑,5
男,Jaychou129,5
女,美好陈老师,6
保密,前端自学微信群,5
保密,大腹太卷,6
男,美丽death,4
男,Luck_cco,4
保密,蒙古上单pro,6
男,一鞭两鞭三鞭四鞭五鞭,5
男,青风探案录,5
保密,毛皮皮pipi,3
保密,上善若水v苏南,3
男,蔚为cg,4
保密,小白老虎大白喵,5
男,一米九蒙子,4
女,敢秀即巅峰,3
男,dg月诺,5
保密,美思夜,6
保密,西兰菜花菜,4
保密,奏流水以何惭丶,5
男,捞凯,4
女,爱吃饺子的人,5
保密,健康的西瓜丶,5
男,咲太就是我,5
女,Milk小牛奶,5
女,阴沉沉更,5
保密,卡莎的猎物,5
男,杀我别用温凉刀,5
保密,莫妮卡21339,5
保密,方爱吃小贝,3
女,不想死不想活,4
男,兔子兔119,5
男,出生B-3,3
保密,离散っ,4
女,賀續蘭,5
男,淑非呀,5
男,夹竹桃jzt,5
保密,原住民感恩美利坚,6
保密,陕西实验中学,4
男,修渣空,4
保密,胖龙的小玍湉,4
女,Athena_Cheung,5
保密,干饭人美食,3
保密,是咩咩叭,6
保密,铁蹄踏遍欧洲,5
保密,不能吃的骑士,5
女,布偶猫Vc,5
男,B站热心市民老王,5
保密,恶魔果实分你一口,5
男,智有穷而道无尽,6
男,传奇大师咯咯咯,5
保密,魔法Zc目箓,4
男,寻延月,5
保密,踏雨携风,5
保密,猫站树,5
男,兜兜格格,4
保密,运动见习将,4
女,东百追踪客,5
保密,吾家妻Luca椒盐版,5
男,哦哦哟哟啊,3
保密,胖达的小窝,3
男,昊天的眼睛,4
保密,西遇尘L,5
保密,GluToday,4
保密,san99-,5
保密,我是大头雨不愁,5
保密,菜稽_233,5
男,GAN-Q,4
保密,喯秭槑孖,5
女,NamelessO_o,5
男,小魔王嘟嘟可,3
男,花城沧海,2
男,Taautos,6
女,过文滚,4
保密,睡叭好吗,3
男,笔芯平井桃,5
保密,零殇魂玉,4
男,潇竹梦客,3
保密,sugary229,5
女,李小木L,5
保密,鸟瞰华理班,4
保密,小黄小小小鸡,4
男,sumeipingsheng1,5
保密,bili_97027893056,4
保密,细长的狗,3
保密,q虚无,5
保密,大此去经年,5
保密,幼稚圆o,5
男,一只姬,6
保密,吃瓜龙猫的日常,5
保密,答案7m,3
保密,lamfing,4
保密,小丑的皇帝,2
男,你好烦哎,5
保密,超威蓝毛zzz,6
保密,广汕路ES200,3
女,山塘街能干的丸子,4
男,寂灭者在,5
保密,账号已注销b_86,4
男,老炸评测,4
保密,学学学渣渣,5
保密,东星浩南,4
男,澄湖畔的树,5
保密,MyMaster,6
保密,猫er影视,3
男,海胆和栗子,5
男,TW0Sb,4
保密,喜天黑却怕鬼,4
保密,铁柱铁柱233,5
保密,筷子和豆腐,5
保密,没用的阿汲,5
保密,雨末清尘,4
保密,流云灯火_,5
保密,我觉得你很有趣,3
男,浅源杰,5
男,陪我走花路么,4
保密,nonohoni,5
男,小卡莉MYO,5
保密,魏缘浅,5
保密,大壮锤哥,5
保密,咖啡商店,4
男,礼拜二不午睡,6
保密,ぺ面具爱人,5
保密,小法不会玩,4
男,别动我eq,5
男,少卿i,4
保密,小夏的春天,5
保密,发风人,4
保密,bili_31158861638,2
保密,风油精水煮蛋,5
保密,流年兄弟,4
保密,______HAZEL_____,5
男,逗忒你,6
保密,张学友的迷弟,4
保密,众筹一个新名字,5
保密,格伦什么小戈,2
男,疾狼惊风,6
男,叫我告白就好了,5
男,心怀天下的普通人,4
男,Poki_zhou,5
男,一叶晓秋凉,3
保密,波波的布能说的秘密,5
保密,好咕咕咕咕,4
男,生命练习生1217,5
保密,云生就好,5
保密,mickyfay,4
保密,志钢加油努力,4
男,享受现在自行,6
保密,拉亚希奥,6
男,懒大大王王,4
保密,changeosmind,6
男,冰可乐好喝哟,5
保密,烟海っ云台,4
保密,凉屿言,6
保密,Zoe蘇蘇,5
保密,小张又免费啦,3
保密,仝啧啧,3
保密,你是对的--,3
男,夜不眠音不休,5
男,loren0425,3
男,王者农药膏,5
男,迷豸勹,5
保密,大海爱玩,4
男,富贵007-,4
女,奥斯曼京明,5
保密,bili_30727281845,3
男,麻瓜你说的太对了,5
保密,忽悠你妹啊,6
保密,胖龍的小生活,4
男,千行健,5
保密,突然没有昵称了,6
保密,无力吐曹同学,5
男,咿呀哟小屁孩,4
保密,P带带带将,6
保密,bili_74633615239,5
保密,中将啥感觉,5
保密,高铁管家被骗一块钱,5
保密,轻甜吧唧,4
保密,夏日荷包蛋,6
保密,Bxrrzdzgzh,5
保密,妖孽级存在,5
女,赛车手没赛车,6
男,Lalo--Salamanca,5
男,大中华生活,6
男,黑色小董,4
保密,鲨鱼小红帽,5
保密,吕先鉎,5
男,_夜归人,5
保密,CarronCarron,4
保密,bili_39663150951,5
男,揣着梦,3
男,蔡尼采,5
保密,日暮深山互语安,4
保密,打球时铁山靠,4
男,晴天小潴,6
男,阿川717,6
保密,Loewe-Li,4
保密,公主小炫__,6
保密,人帅也要多读书丶,4
保密,今天又手冻,5
保密,芜湖该睡觉了,5
保密,我永远喜欢祈之助,6
男,安庆老绵羊,6
保密,鹤归南a,3
男,邻居家馋哭的李怀民,5
男,帮主播点点举报,6
男,易匕,5
保密,旧事甚歉0614,3
保密,草莓菠萝w,5
保密,一坑到底,6
保密,刻风Crazy,6
女,煎蛋也太好吃了吧,5
保密,霸总爱看帅哥美女,4
保密,hack小威,3
保密,秋不晚,6
保密,对着星空许个愿,3
男,基努啊,6
保密,菠萝不泡盐水澡,5
保密,苏穗宗,4
保密,S大魔王,6
保密,我的极限61次,4
男,金莲这药有点苦啊,6
男,CHASE自由的少年,4
男,你肆不肆洒,5
男,吕狗壹,6
男,肉-夹馍,3
保密,后青春期的咸鱼,5
男,三点半寂寞泛滥,4
保密,打破-了梦,3
保密,柠檬糖啊啊啊,4
保密,天不秀,4
男,心落下了,5
保密,无敌马云,4
保密,年糕非常难吃,5
保密,蓝海少年_,3
男,林社畜,2
男,成都AG超玩会小伟,5
保密,然然的小年糕,4
保密,喜欢猫咪的海贼,4
保密,不想在哭泣,4
保密,TZ布鲁可积木人,2
男,Cherie颜,4
男,该账号己被撅,4
保密,不加糖baby,4
女,就想吃水果君,6
男,晴灰,6
男,过于喧闹的孤独,5
男,2年半の坤,4
男,青豪,6
女,白桃_w,4
男,知多少丶,5
保密,别叫小张,4
男,微醺盗贼呀丫,5
保密,大1熊,6
男,功德五两,6
保密,铁锹之王,5
男,山建彭于晏,5
保密,老子的黄牛,5
保密,爱吃鱼的猫喵猫,5
保密,夏娜index,6
保密,I中野三玖ll,5
保密,诛仙kai,3
保密,MoRan_BiXi,3
男,篮网情报员,4
保密,朱仙之子,6
保密,Ynoo,5
保密,云间照,4
保密,耀祖哥,6
保密,热爱黄烦烦,4
男,Dunk会炸,5
男,Y秋刀鱼不过期,4
男,一只试图好好学习的淇,4
保密,冰蓝水蜜桃321,4
男,bili_43290351693,4
保密,刺客shinsou,5
保密,国-泰-民-安,4
保密,钻石套jewzst,3
男,二刺螈给ye爬丶,5
保密,托馬斯小裸熊,5
男,文天池,3
男,西伯利亚大杰瑞,5
保密,乔白告车干,2
男,闩嘞嘞,5
